OPUS-ID	PublishedYear	DOI	ArticleTitle	Journal	Publisher	ISSNs	Indexed(Last_Update)
110428	2024		Zur neuen S2k-Leitlinie: Katastrophenmedizinische prähospitale Behandlungsleitlinien (Supplement Nr. 2/2024)	Anästhesiologie & Intensivmedizin	Aktiv Druck und Verlag	0170-5334	Scopus (2023-10)|WoS-SCIE (2024-05-31)
104355	2024	10.1177/01622439231170443	Digitized patients: elaborative tinkering and knowledge practices in the open-source type 1 diabetes "looper community"	Science, Technology, and Human Values	SAGE Publications	0162-2439|1552-8251	Scopus (2023-10)|WoS-SSCI (2024-05-31)
110731	2024	10.1007/s44266-023-00169-2	Planetary Health in der Allgemeinmedizin: Bestandsaufnahme und Perspektiven|Planetary health in general medicine: status quo and future perspectives	Zeitschrift für Allgemeinmedizin	Springer Science and Business Media LLC	1433-6251|1439-9229	Scopus (2023-10)
110755	2024	10.1007/s00105-023-05286-4	Globale Umweltveränderungen und die "epithelial barrier hypothesis"|Global environmental changes and the epithelial barrier hypothesis	Die Dermatologie	Springer	2731-7005|2731-7013	MEDLINE (2024-05-31)|Scopus (2023-10)|WoS-SCIE (2024-05-31)
110703	2024	10.1186/s12875-023-02239-7	Expectations of general practitioners on a practice based research network in Germany: a qualitative study within the Bavarian Research Practice Network (BayFoNet)	BMC Primary Care	Springer Science and Business Media LLC	2731-4553	MEDLINE (2024-05-31)|Scopus (2023-10)|WoS-SCIE (2024-05-31)
110927	2024	10.1016/j.jare.2024.01.005	Resveratrol and p53: how are they involved in CRC plasticity and apoptosis?	Journal of Advanced Research	Elsevier BV	2090-1232	MEDLINE (2024-05-31)|Scopus (2023-10)|WoS-SCIE (2024-05-31)
110991	2024	10.1007/s00115-023-01584-3	Unterstützung für Familien mit einem psychisch erkrankten Elternteil: welche Hilfen nehmen psychisch erkrankte Eltern in Anspruch und welche wünschen sie sich?	Der Nervenarzt	Springer Science and Business Media LLC	0028-2804|1433-0407	MEDLINE (2024-05-31)|Scopus (2023-10)|WoS-SCIE (2024-05-31)
110988	2024	10.1007/s00406-023-01729-0	Vaccination and clozapine use: a systematic review and an analysis of the VAERS database	European Archives of Psychiatry and Clinical Neuroscience	Springer Science and Business Media LLC	0940-1334|1433-8491	MEDLINE (2024-05-31)|Scopus (2023-10)|WoS-SCIE (2024-05-31)
110992	2024	10.1080/17512433.2023.2293996	Challenges, unmet needs and future directions – a critical evaluation of the clinical trial landscape in schizophrenia research	Expert Review of Clinical Pharmacology	Informa UK Limited	1751-2433|1751-2441	MEDLINE (2024-05-31)|Scopus (2023-10)|WoS-SCIE (2024-05-31)
111050	2024	10.1016/j.ejca.2024.113556	First-line immunotherapy for lung cancer with MET exon 14 skipping and the relevance of TP53 mutations	European Journal of Cancer	Elsevier BV	0959-8049	MEDLINE (2024-05-31)|Scopus (2023-10)|WoS-SCIE (2024-05-31)
111066	2024	10.1007/s00784-023-05442-z	Targeted proteomics in a population-based study identifies serum PECAM-1 and TRIM21 as inflammation markers for periodontitis	Clinical Oral Investigations	Springer Science and Business Media LLC	1436-3771	MEDLINE (2024-05-31)|Scopus (2023-10)|WoS-SCIE (2024-05-31)
111017	2024	10.1002/gps.6059	Scaling‐up an evidence‐based intervention for family carers of people with dementia: current and future costs and outcomes	International Journal of Geriatric Psychiatry	Wiley	0885-6230|1099-1166	MEDLINE (2024-05-31)|Scopus (2023-10)|WoS-SCIE (2024-05-31)|WoS-SSCI (2024-05-31)
110562	2024	10.1016/j.ejca.2023.113508	Effects of an immunosuppressive therapy on the efficacy of immune checkpoint inhibition in metastatic melanoma – an analysis of the prospective skin cancer registry ADOREG	European Journal of Cancer	Elsevier BV	0959-8049	MEDLINE (2024-05-31)|Scopus (2023-10)|WoS-SCIE (2024-05-31)
110565	2024	10.1016/j.bas.2023.102740	Dural reconstruction with or without a bone graft of paranasal and anterior skullbase malignancies: retrospective single-center analysis of 11 cases and review of literature	Brain and Spine	Elsevier BV	2772-5294	WoS-ESCI (2024-05-31)
110931	2024	10.1016/j.ijrobp.2024.01.009	Multicentric assessment of safety and efficacy of combinatorial adjuvant brain metastasis treatment by intraoperative radiotherapy and immunotherapy	International Journal of Radiation Oncology*Biology*Physics	Elsevier BV	0360-3016	MEDLINE (2024-05-31)|Scopus (2023-10)|WoS-SCIE (2024-05-31)
110919	2024	10.1016/j.cpcardiol.2023.102127	Coagulation disorders and thrombotic complications in heart failure with preserved ejection fraction	Current Problems in Cardiology	Elsevier BV	0146-2806	MEDLINE (2024-05-31)|Scopus (2023-10)|WoS-SCIE (2024-05-31)
111064	2024	10.1111/bioe.13266	Can digital health democratize health care?	bioethics	Wiley	0269-9702|1467-8519	MEDLINE (2024-05-31)|Scopus (2023-10)|WoS-SCIE (2024-05-31)|WoS-SSCI (2024-05-31)
111613	2024	10.1016/j.ejso.2024.108051	Lymph node metastases are more frequent in paediatric appendiceal NET ≥1.5 cm but without impact on outcome – data from the German MET studies	European Journal of Surgical Oncology	Elsevier	1532-2157	MEDLINE (2024-05-31)|Scopus (2023-10)|WoS-SCIE (2024-05-31)
111600	2024	10.1080/10872981.2024.2317493	Uncovering heterogeneity in mental health changes among first-year medical students	Medical Education Online	Informa UK Limited	1087-2981	MEDLINE (2024-05-31)|Scopus (2023-10)|WoS-SSCI (2024-05-31)
111570	2024	10.1089/jpm.2023.0159	Terminological confusion about sedation in palliative care: results of an international online vignette survey	Journal of Palliative Medicine	Mary Ann Liebert Inc	1096-6218|1557-7740	MEDLINE (2024-05-31)|Scopus (2023-10)|WoS-SCIE (2024-05-31)
111572	2024	10.1007/s11547-024-01773-3	Heart rate sensitivity of virtual non-contrast calcium scores derived from photon counting detector CT data: a phantom study	La radiologia medica	Springer Science and Business Media LLC	1826-6983	MEDLINE (2024-05-31)|Scopus (2023-10)|WoS-SCIE (2024-05-31)
111573	2024	10.1007/s00115-024-01608-6	Management von Therapieresistenzen – therapieresistente Schizophrenie	Der Nervenarzt	Springer Science and Business Media LLC	0028-2804|1433-0407	MEDLINE (2024-05-31)|Scopus (2023-10)|WoS-SCIE (2024-05-31)
111392	2024	10.1186/s12885-023-11771-9	SARIFA as a new histopathological biomarker is associated with adverse clinicopathological characteristics, tumor-promoting fatty-acid metabolism, and might predict a metastatic pattern in pT3a prostate cancer	BMC Cancer	Springer Science and Business Media LLC	1471-2407	MEDLINE (2024-05-31)|Scopus (2023-10)|WoS-SCIE (2024-05-31)
111394	2024	10.3389/fnut.2023.1295078	Usual dietary intake and change in DNA methylation over years: EWAS in KORA FF4 and KORA fit	Frontiers in Nutrition	Frontiers Media SA	2296-861X	Scopus (2023-10)|WoS-SCIE (2024-05-31)
111396	2024	10.1186/s13063-023-07888-8	Endovascular aortic repair with sac embolization for the prevention of type II endoleaks (the EVAR-SE study): study protocol for a randomized controlled multicentre study in Germany	Trials	Springer Science and Business Media LLC	1745-6215	MEDLINE (2024-05-31)|Scopus (2023-10)|WoS-SCIE (2024-05-31)
111389	2024	10.1088/1361-6463/ad18fa	Pulsed surface acoustic waves accelerate wound healing and reveal new parameter limits for cell stimulation in vitro	Journal of Physics D: Applied Physics	IOP Publishing	0022-3727|1361-6463	Scopus (2023-10)|WoS-SCIE (2024-05-31)
111195	2024	10.2196/50642	Predicting hypoxia using machine learning: systematic review	JMIR Medical Informatics	JMIR Publications	2291-9694	Scopus (2023-10)|WoS-SCIE (2024-05-31)
110730	2024	10.1007/s10554-023-03040-4	Virtual non-contrast series of photon-counting detector computed tomography angiography for aortic valve calcium scoring	The International Journal of Cardiovascular Imaging	Springer	1875-8312	MEDLINE (2024-05-31)|Scopus (2023-10)|WoS-SCIE (2024-05-31)
110968	2024	10.1126/science.adg8538	Illusory generalizability of clinical prediction models	Science	American Association for the Advancement of Science (AAAS)	0036-8075|1095-9203	MEDLINE (2024-05-31)|Scopus (2023-10)|WoS-SCIE (2024-05-31)
111097	2024	10.1016/j.cjca.2024.01.019	Association between acute myocardial infarction symptoms and short- and long-term mortality after the event	Canadian Journal of Cardiology	Elsevier BV	0828-282X	MEDLINE (2024-05-31)|Scopus (2023-10)|WoS-SCIE (2024-05-31)
111105	2024	10.1001/jamaoncol.2023.6533	Association of skin microbiome dynamics with radiodermatitis in patients with breast cancer	JAMA Oncology	American Medical Association (AMA)	2374-2437	MEDLINE (2024-05-31)|Scopus (2023-10)|WoS-SCIE (2024-05-31)
111768	2024	10.1097/j.pain.0000000000003180	Sex differences in facial expressions of pain: results from a combined sample	Pain	Lippincott, Williams & Wilkins	0304-3959|1872-6623	MEDLINE (2024-05-31)|Scopus (2023-10)|WoS-SCIE (2024-05-31)
111136	2024	10.1111/all.16041	The impact of outdoor pollution and extreme temperatures on asthma-related outcomes: a systematic review for the EAACI guidelines on environmental science for allergic diseases and asthma	Allergy	Wiley	1398-9995	MEDLINE (2024-05-31)|Scopus (2023-10)|WoS-SCIE (2024-05-31)
111702	2024	10.1002/pbc.30910	Survivors of infant atypical teratoid/rhabdoid tumors present with severely impaired cognitive functions especially for fluid intelligence and visual processing: data from the German brain tumor studies	Pediatric Blood & Cancer	Wiley	1545-5009|1545-5017	MEDLINE (2024-05-31)|Scopus (2023-10)|WoS-SCIE (2024-05-31)
111060	2024	10.1016/j.ijrobp.2024.01.200	Radiotherapy plays an important role in the treatment of atypical teratoid/rhabdoid tumors – analysis of the EU-RHAB cohorts and their precursors	International Journal of Radiation Oncology*Biology*Physics	Elsevier BV	0360-3016	MEDLINE (2024-05-31)|Scopus (2023-10)|WoS-SCIE (2024-05-31)
111063	2024	10.1016/j.jcv.2023.105622	Clinical and immunological benefits of full primary COVID-19 vaccination in individuals with SARS-CoV-2 breakthrough infections: a prospective cohort study in non-hospitalized adults	Journal of Clinical Virology	Elsevier BV	1386-6532	MEDLINE (2024-05-31)|Scopus (2023-10)|WoS-SCIE (2024-05-31)
111091	2024	10.3389/fcvm.2023.1306272	Anterior-wall and non-anterior-wall STEMIs do not differ in long-term mortality: results from the augsburg myocardial infarction registry	Frontiers in Cardiovascular Medicine	Frontiers Media SA	2297-055X	Scopus (2023-10)|WoS-SCIE (2024-05-31)
111421	2024	10.1007/s11060-023-04547-5	Pineal anlage tumor: clinical and diagnostic features, and rationales for treatment	Journal of Neuro-Oncology	Springer Science and Business Media LLC	0167-594X|1573-7373	MEDLINE (2024-05-31)|Scopus (2023-10)|WoS-SCIE (2024-05-31)
111470	2024	10.1016/s0140-6736(24)00049-7	18fluorodeoxyglucose PET/CT as possible early diagnostic tool preceding MRI changes in Borna disease virus 1 encephalitis	The Lancet	Elsevier BV	0140-6736	MEDLINE (2024-05-31)|Scopus (2023-10)|WoS-SCIE (2024-05-31)
111422	2024	10.3389/fcvm.2024.1324451	Do patients with diabetes with new onset acute myocardial infarction present with different symptoms than non-diabetic patients?	Frontiers in Cardiovascular Medicine	Frontiers Media SA	2297-055X	Scopus (2023-10)|WoS-SCIE (2024-05-31)
111433	2024	10.1016/j.molmet.2023.101840	Hypothalamic free fatty acid receptor-1 regulates whole-body energy balance	Molecular Metabolism	Elsevier BV	2212-8778	MEDLINE (2024-05-31)|Scopus (2023-10)|WoS-SCIE (2024-05-31)
111462	2024	10.1016/j.jtct.2023.12.468	Trends in allogeneic transplantation for favorable risk acute myeloid leukemia in first complete remission: a longitudinal study of > 15 years from the ALWP/EBMT [Abstract]	Transplantation and Cellular Therapy	Elsevier BV	2666-6367	MEDLINE (2024-05-31)|Scopus (2023-10)|WoS-SCIE (2024-05-31)
111463	2024	10.1016/j.jaci.2023.11.045	Lebrikizumab maintains improvements in the patient-oriented eczema measure through 2 years of treatment in patients with moderate-to-severe atopic dermatitis [Abstract]	Journal of Allergy and Clinical Immunology	Elsevier BV	0091-6749	MEDLINE (2024-05-31)|Scopus (2023-10)|WoS-SCIE (2024-05-31)
111157	2024	10.1016/j.ebiom.2024.104982	Validating a minipig model of reversible cerebral demyelination using human diagnostic modalities and electron microscopy	eBioMedicine	Elsevier BV	2352-3964	MEDLINE (2024-05-31)|Scopus (2023-10)|WoS-SCIE (2024-05-31)
111159	2024	10.1016/j.xjidi.2024.100268	NOD/Scid IL2Rγnull mice reconstituted with peripheral blood mononuclear cells from patients with atopic dermatitis or psoriasis vulgaris reflect the respective phenotype.	JID Innovations	Elsevier BV	2667-0267	
111152	2024	10.1016/j.brs.2024.01.006	Direct subthalamic nucleus stimulation influences speech and voice quality in Parkinson's disease patients	Brain Stimulation	Elsevier BV	1935-861X	MEDLINE (2024-05-31)|Scopus (2023-10)|WoS-SCIE (2024-05-31)
111204	2024	10.1016/j.modpat.2024.100442	PITX2 as a sensitive and specific marker of midgut neuroendocrine tumors: results from a cohort of 1157 primary neuroendocrine neoplasms	Modern Pathology	Elsevier	1530-0285	MEDLINE (2024-05-31)|Scopus (2023-10)|WoS-SCIE (2024-05-31)
111154	2024	10.1016/s2352-3026(23)00371-x	High-dose chemotherapy and autologous haematopoietic stem-cell transplantation in older, fit patients with primary diffuse large B-cell CNS lymphoma (MARTA): a single-arm, phase 2 trial	The Lancet Haematology	Elsevier BV	2352-3026	MEDLINE (2024-05-31)|Scopus (2023-10)|WoS-SCIE (2024-05-31)
111815	2024	10.1111/all.16096	Climate crisis paralysis: accelerating global action for health resilience in a changing world	Allergy	Wiley	0105-4538|1398-9995	MEDLINE (2024-05-31)|Scopus (2023-10)|WoS-SCIE (2024-05-31)
111633	2024	10.1111/all.16037	Nature's pharmacy at risk: unveiling the hidden molecular secrets of phytotherapy in the age of globalization	Allergy	Wiley	0105-4538|1398-9995	MEDLINE (2024-05-31)|Scopus (2023-10)|WoS-SCIE (2024-05-31)
111894	2024	10.1111/ddg.15229	S3 guideline Atopic dermatitis: part 2 ‐ systemic treatment	JDDG: Journal der Deutschen Dermatologischen Gesellschaft	Wiley	1610-0379|1610-0387	MEDLINE (2024-05-31)|Scopus (2023-10)|WoS-SCIE (2024-05-31)
111889	2024	10.24018/ejsocial.2024.4.1.519	Navigating exodus: understanding the migration dynamics of health care professionals from Turkey	European Journal of Humanities and Social Sciences	European Open Science Publishing	2736-5522	
111631	2024	10.1007/s00277-024-05627-w	Conditional survival to assess prognosis in patients with chronic lymphocytic leukemia	Annals of Hematology	Springer Science and Business Media LLC	0939-5555|1432-0584	MEDLINE (2024-05-31)|Scopus (2023-10)|WoS-SCIE (2024-05-31)
111675	2024	10.3390/healthcare12040426	Primary headache is related to reduced health-related quality of life in children with epilepsy	Healthcare	MDPI AG	2227-9032	Scopus (2023-10)|WoS-SCIE (2024-05-31)|WoS-SSCI (2024-05-31)
111104	2024	10.1007/s00105-023-05290-8	Klimawandel geht unter die Haut|Climate change gets under the skin	Die Dermatologie	Springer	2731-7005|2731-7013	MEDLINE (2024-05-31)|Scopus (2023-10)|WoS-SCIE (2024-05-31)
111165	2024	10.1111/ejh.14174	Late transplant‐associated thrombotic microangiopathy verified in bone marrow biopsy specimens is associated with chronic GVHD and viral infections	European Journal of Haematology	Wiley	0902-4441|1600-0609	MEDLINE (2024-05-31)|Scopus (2023-10)|WoS-SCIE (2024-05-31)
111703	2024	10.1016/j.jcrc.2024.154545	Brain death determination in patients with veno-arterial extracorporeal membrane oxygenation: a systematic study to address the Harlequin syndrome	Journal of Critical Care	Elsevier BV	0883-9441	MEDLINE (2024-05-31)|Scopus (2023-10)|WoS-SCIE (2024-05-31)
111698	2024	10.1007/s12028-023-01933-9	Surgical versus dilational tracheostomy in patients with severe stroke: a SETPOINT2 post hoc analysis	Neurocritical Care	Springer	1541-6933|1556-0961	MEDLINE (2024-05-31)|Scopus (2023-10)|WoS-SCIE (2024-05-31)
111169	2024	10.1039/d3lc00552f	Survival of P. falciparum infected red blood cell aggregates in elongational shear flow	Lab on a Chip	Royal Society of Chemistry (RSC)	1473-0197|1473-0189	MEDLINE (2024-05-31)|Scopus (2023-10)|WoS-SCIE (2024-05-31)
111350	2024	10.1016/j.pneurobio.2024.102585	Signal peptide peptidase-like 2b modulates the amyloidogenic pathway and exhibits an Aβ-dependent expression in Alzheimer's disease	Progress in Neurobiology	Elsevier	1873-5118	MEDLINE (2024-05-31)|Scopus (2023-10)|WoS-SCIE (2024-05-31)
112129	2024	10.1016/j.healthpol.2024.105034	Disentangling the impact of alternative payment models and associated service delivery models on quality of chronic care: a scoping review	Health Policy	Elsevier BV	0168-8510	MEDLINE (2024-05-31)|Scopus (2023-10)|WoS-SCIE (2024-05-31)|WoS-SSCI (2024-05-31)
112104	2024	10.3390/cells13030238	Pro-fibrotic effects of CCL18 on human lung fibroblasts are mediated via CCR6	Cells	MDPI	2073-4409	MEDLINE (2024-05-31)|Scopus (2023-10)|WoS-SCIE (2024-05-31)
112097	2024	10.1111/all.16065	Systematic review of the association between short chain fatty acids and allergic diseases	Allergy	Wiley	0105-4538|1398-9995	MEDLINE (2024-05-31)|Scopus (2023-10)|WoS-SCIE (2024-05-31)
112101	2024	10.3389/fimmu.2024.1355905	Prevalence of a large panel of systemic autoantibodies in the Bavarian adult population	Frontiers in Immunology	Frontiers Media SA	1664-3224	MEDLINE (2024-05-31)|Scopus (2023-10)|WoS-SCIE (2024-05-31)
111158	2024	10.1016/j.bas.2024.102756	Directional electrodes in deep brain stimulation: results of a survey by the European Association of Neurosurgical Societies (EANS)	Brain and Spine	Elsevier BV	2772-5294	WoS-ESCI (2024-05-31)
111918	2024	10.1016/j.gie.2024.03.013	Endoscopic submucosal dissection for early esophageal adenocarcinoma: low rates of metastases in mucosal cancers with poor differentiation	Gastrointestinal Endoscopy	Elsevier BV	0016-5107	MEDLINE (2024-05-31)|Scopus (2023-10)|WoS-SCIE (2024-05-31)
111598	2024	10.1111/all.16051	The impact of indoor pollution on asthma‐related outcomes: a systematic review for the EAACI guidelines on environmental science for allergic diseases and asthma	Allergy	Wiley	0105-4538|1398-9995	MEDLINE (2024-05-31)|Scopus (2023-10)|WoS-SCIE (2024-05-31)
112053	2024	10.1186/s13148-024-01643-9	Epigenome-wide association study of dietary fatty acid intake	Clinical Epigenetics	Springer Science and Business Media LLC	1868-7083	MEDLINE (2024-05-31)|Scopus (2023-10)|WoS-SCIE (2024-05-31)
112046	2024	10.1016/j.jaut.2024.103187	Autoimmune diseases and female-specific cancer risk: a systematic review and meta-analysis	Journal of Autoimmunity	Elsevier BV	0896-8411	MEDLINE (2024-05-31)|Scopus (2023-10)|WoS-SCIE (2024-05-31)
112052	2024	10.1111/dom.15497	Association of serum magnesium with metabolic syndrome and the role of chronic kidney disease: a population‐based cohort study with Mendelian randomization	Diabetes, Obesity and Metabolism	Wiley	1462-8902|1463-1326	MEDLINE (2024-05-31)|Scopus (2023-10)|WoS-SCIE (2024-05-31)
111776	2024	10.1200/jco.23.00546	Inotuzumab ozogamicin as induction therapy for patients older than 55 years with Philadelphia Chromosome–negative B-precursor ALL	Journal of Clinical Oncology	American Society of Clinical Oncology (ASCO)	0732-183X|1527-7755	MEDLINE (2024-05-31)|Scopus (2023-10)|WoS-SCIE (2024-05-31)
111464	2024	10.1016/j.lanepe.2024.100862	Long-term efficacy and safety of nusinersen in adults with 5q spinal muscular atrophy: a prospective European multinational observational study	The Lancet Regional Health - Europe	Elsevier BV	2666-7762	Scopus (2023-10)|WoS-SCIE (2024-05-31)|WoS-SSCI (2024-05-31)
111645	2024	10.3390/nu16030432	Is the habitual dietary intake of foods of plant or animal origin associated with circulating hemostatic factors? — Results of the population-based KORA-Fit study	Nutrients	MDPI AG	2072-6643	MEDLINE (2024-05-31)|Scopus (2023-10)|WoS-SCIE (2024-05-31)
111634	2024	10.1111/srt.13594	Unveiling the hidden boundaries: AI‐assisted line‐field optical coherence tomography margin mapping for precise excision of basal cell carcinoma – a step‐by‐step tutorial [Letter]	Skin Research and Technology	Wiley	0909-752X|1600-0846	MEDLINE (2024-05-31)|Scopus (2023-10)|WoS-SCIE (2024-05-31)
111911	2024	10.3233/ch-238120	The perfusion index as a noninvasive method for monitoring revascularized and replanted digits	Clinical Hemorheology and Microcirculation	IOS Press	1386-0291|1875-8622	MEDLINE (2024-05-31)|Scopus (2023-10)|WoS-SCIE (2024-05-31)
112257	2024	10.3205/zma001661	“It is great what we have learned from each other!” – Bedside teaching in interprofessional small groups using the example of Parkinson’s disease	GMS Journal for Medical Education	GMS	2366-5017	MEDLINE (2024-05-31)|Scopus (2023-10)|WoS-ESCI (2024-05-31)
112258	2024	10.1186/s12910-024-01032-0	Supporting patient decision-making in non-invasive prenatal testing: a comparative study of professional values and practices in England and France	BMC Medical Ethics	Springer	1472-6939	MEDLINE (2024-05-31)|Scopus (2023-10)|WoS-SCIE (2024-05-31)|WoS-SSCI (2024-05-31)
111059	2024	10.1016/j.pec.2024.108144	"Uninformed consent" in clinical trials with cancer patients: a qualitative analysis of patients' and support persons' communication experiences and needs	Patient Education and Counseling	Elsevier BV	0738-3991	MEDLINE (2024-05-31)|Scopus (2023-10)|WoS-SCIE (2024-05-31)|WoS-SSCI (2024-05-31)
112259	2024	10.3389/fsurg.2024.1287218	Intraoperative application of mixed and augmented reality for digital surgery: a systematic review of ethical issues	Frontiers in Surgery	Frontiers Media SA	2296-875X	Scopus (2023-10)|WoS-SCIE (2024-05-31)
112447	2024	10.1080/10872981.2024.2333618	Measuring teacher identity of physicians – a validation study of a questionnaire instrument	Medical Education Online	Informa UK Limited	1087-2981	MEDLINE (2024-05-31)|Scopus (2023-10)|WoS-SSCI (2024-05-31)
112284	2024	10.3389/fpsyt.2024.1341392	Depression mediates the association between health literacy and health-related quality of life after myocardial infarction	Frontiers in Psychiatry	Frontiers Media SA	1664-0640	Scopus (2023-10)|WoS-SCIE (2024-05-31)|WoS-SSCI (2024-05-31)
112296	2024	10.1210/clinem/dgae073	The endocrine phenotype induced by pediatric adrenocortical tumors is age- and sex-dependent	The Journal of Clinical Endocrinology & Metabolism	The Endocrine Society	0021-972X|1945-7197	MEDLINE (2024-05-31)|Scopus (2023-10)|WoS-SCIE (2024-05-31)
112280	2024	10.1186/s13550-024-01087-5	Significant reduction of activity retention in the kidneys via optimized linker sequences in radiohybrid-based minigastrin analogs	EJNMMI Research	Springer Science and Business Media LLC	2191-219X	Scopus (2023-10)|WoS-SCIE (2024-05-31)
112283	2024	10.1007/s00381-023-06272-w	Brain stem tumors in children less than 3 months: clinical and radiologic findings of a rare disease	Child's Nervous System	Springer Science and Business Media LLC	0256-7040|1433-0350	MEDLINE (2024-05-31)|Scopus (2023-10)|WoS-SCIE (2024-05-31)
112282	2024	10.1177/15266028241230943	Evaluation of ECG-gated, high-pitch thoracoabdominal angiographies with dual-source photon-counting detector computed tomography	Journal of Endovascular Therapy	SAGE Publications	1526-6028|1545-1550	MEDLINE (2024-05-31)|Scopus (2023-10)|WoS-SCIE (2024-05-31)
112281	2024	10.1111/srt.13632	Differences in the annotation between facial images and videos for training an artificial intelligence for skin type determination	Skin Research and Technology	Wiley	0909-752X|1600-0846	MEDLINE (2024-05-31)|Scopus (2023-10)|WoS-SCIE (2024-05-31)
112318	2024	10.1016/j.ejca.2024.113747	MELODY: a prospective non-interventional multicenter cohort study to evaluate different imaging-guided methods for localization of malignant breast lesions (EUBREAST-4/iBRA-NET, NCT 0555941 1) [Abstract]	European Journal of Cancer	Elsevier BV	0959-8049	MEDLINE (2024-05-31)|Scopus (2023-10)|WoS-SCIE (2024-05-31)
112307	2024	10.1016/j.ijrobp.2024.03.015	Outcome after modern proton beam therapy in childhood craniopharyngioma: results of the prospective registry study KiProReg	International Journal of Radiation Oncology*Biology*Physics	Elsevier BV	0360-3016	MEDLINE (2024-05-31)|Scopus (2023-10)|WoS-SCIE (2024-05-31)
112311	2024	10.1016/j.zefq.2024.01.007	Praxis und Herausforderungen der Delegation ärztlicher Tätigkeiten im interprofessionellen Arbeitsalltag der stationären Krankenversorgung in Deutschland: eine explorative Befragung	Zeitschrift für Evidenz, Fortbildung und Qualität im Gesundheitswesen	Elsevier BV	1865-9217	MEDLINE (2024-05-31)|Scopus (2023-10)|WoS-ESCI (2024-05-31)
112309	2024	10.1016/j.wneu.2024.03.062	Early intravenous magnesium sulfate and its impact on cerebral vasospasm as well as delayed cerebral ischemia in aneurysmal subarachnoid hemorrhage: a retrospective matched case-control analysis	World Neurosurgery	Elsevier BV	1878-8750	MEDLINE (2024-05-31)|Scopus (2023-10)|WoS-SCIE (2024-05-31)
112314	2024	10.1016/j.virusres.2024.199363	Can inflammatory plasma proteins predict Long COVID or fatigue severity after SARS-CoV-2 infection?	Virus Research	Elsevier BV	0168-1702	MEDLINE (2024-05-31)|Scopus (2023-10)|WoS-SCIE (2024-05-31)
112310	2024	10.1016/j.jvs.2024.01.067	Influence of weather and air constituents on aortic ruptures in the south of Germany [Abstract]	Journal of Vascular Surgery	Elsevier BV	0741-5214	MEDLINE (2024-05-31)|Scopus (2023-10)|WoS-SCIE (2024-05-31)
112305	2024	10.1016/j.jri.2024.104240	Placental expression of inflammatory Galectin-12 is associated with gestational diabetes	Journal of Reproductive Immunology	Elsevier BV	0165-0378	MEDLINE (2024-05-31)|Scopus (2023-10)|WoS-SCIE (2024-05-31)
112308	2024	10.1016/j.trecan.2024.02.011	Puzzling phenomenon: adult-onset cancer predisposition and pediatric cancer	Trends in Cancer	Elsevier BV	2405-8033	MEDLINE (2024-05-31)|Scopus (2023-10)|WoS-SCIE (2024-05-31)
112436	2024	10.1038/s41698-024-00554-5	ERK pathway agonism for cancer therapy: evidence, insights, and a target discovery framework	npj Precision Oncology	Springer	2397-768X	Scopus (2023-10)|WoS-SCIE (2024-05-31)
112426	2024	10.1007/s00330-024-10675-x	Diagnostic performance of photon-counting detector CT for differentiation between adrenal adenomas and metastases	European Radiology	Springer	1432-1084	MEDLINE (2024-05-31)|Scopus (2023-10)|WoS-SCIE (2024-05-31)
112434	2024	10.1186/s42466-024-00310-x	Prospective study validating a multidimensional treatment decision score predicting the 24-month outcome in untreated patients with clinically isolated syndrome and early relapsing–remitting multiple sclerosis, the ProVal-MS study	Neurological Research and Practice	Springer	2524-3489	Scopus (2023-10)|WoS-ESCI (2024-05-31)
112454	2024	10.1111/all.16103	EAACI guidelines on environmental science for allergy and asthma: the impact of short‐term exposure to outdoor air pollutants on asthma‐related outcomes and recommendations for mitigation measures	Allergy	Wiley	0105-4538|1398-9995	MEDLINE (2024-05-31)|Scopus (2023-10)|WoS-SCIE (2024-05-31)
112316	2024	10.1016/j.nicl.2024.103597	Impact of adult-onset multiple sclerosis on MRI-based intracranial volume: a study in clinically discordant monozygotic twins	NeuroImage: Clinical	Elsevier BV	2213-1582	MEDLINE (2024-05-31)|Scopus (2023-10)|WoS-SCIE (2024-05-31)
106946	2024	10.1055/a-2125-8906	Higher subjective burden in psychiatric compared to somatic healthcare workers in Germany during the first wave of  COVID-19 pandemic	Fortschritte der Neurologie · Psychiatrie	Georg Thieme	0720-4299|1439-3522	MEDLINE (2024-05-31)|Scopus (2023-10)|WoS-SCIE (2024-05-31)
107032	2024	10.1093/schbul/sbad113	Effects of exercise on structural and functional brain patterns in schizophrenia — data from a multicenter randomized-controlled study	Schizophrenia Bulletin	Oxford University Press (OUP)	0586-7614|1745-1701	MEDLINE (2024-05-31)|Scopus (2023-10)|WoS-SCIE (2024-05-31)|WoS-SSCI (2024-05-31)
109692	2024	10.1007/s00405-023-08100-y	Long-term results and quality of life after vibrant soundbridge implantation (VSBs) in children and adults with aural atresia	European Archives of Oto-Rhino-Laryngology	Springer Science and Business Media LLC	0937-4477|1434-4726	MEDLINE (2024-05-31)|Scopus (2023-10)|WoS-SCIE (2024-05-31)
107771	2024	10.1111/febs.16941	The role of SPP/SPPL intramembrane proteases in membrane protein homeostasis	The FEBS Journal	Wiley	1742-464X|1742-4658	MEDLINE (2024-05-31)|Scopus (2023-10)|WoS-SCIE (2024-05-31)
112391	2024	10.3390/nu16050708	Prevention and co-management of breast cancer-related osteoporosis using resveratrol	Nutrients	MDPI AG	2072-6643	MEDLINE (2024-05-31)|Scopus (2023-10)|WoS-SCIE (2024-05-31)
112411	2024	10.3205/zma001666	Development and implementation of digital peer mentoring in small groups for first-year medical students	GMS Journal for Medical Education	German Medical Science	2366-5017	MEDLINE (2024-05-31)|Scopus (2023-10)|WoS-ESCI (2024-05-31)
112389	2024	10.1080/08990220.2024.2322499	Counterirritation by pain inhibits the responsiveness to aversive loud tones: the role of state anxiety and state fear triggered in the NPU paradigm	Somatosensory & Motor Research	Informa UK Limited	0899-0220|1369-1651	MEDLINE (2024-05-31)|WoS-SCIE (2024-05-31)
112512	2024	10.3389/fimmu.2024.1363947	Calebin A modulates inflammatory and autophagy signals for the prevention and treatment of osteoarthritis	Frontiers in Immunology	Frontiers Media SA	1664-3224	MEDLINE (2024-05-31)|Scopus (2023-10)|WoS-SCIE (2024-05-31)
112487	2024	10.1016/s2352-3026(24)00065-6	Remission induction versus immediate allogeneic haematopoietic stem cell transplantation for patients with relapsed or poor responsive acute myeloid leukaemia (ASAP): a randomised, open-label, phase 3, non-inferiority trial	The Lancet Haematology	Elsevier BV	2352-3026	MEDLINE (2024-05-31)|Scopus (2023-10)|WoS-SCIE (2024-05-31)
112382	2024		Evaluierung des Schlaganfall-Kinderlotsenprogramms aus Sicht der Eltern und Lotsen sowie der Qualitätssicherung im Hinblick auf das Case Management	Case Management	Medhochzwei	1861-0102	
112561	2024	10.1016/j.cbi.2024.111006	In vitro cleavage of tumor necrosis factor α (TNFα) by Signal-Peptide-Peptidase-like 2b (SPPL2b) resembles mechanistic principles observed in the cellular context	Chemico-Biological Interactions	Elsevier BV	0009-2797	MEDLINE (2024-05-31)|Scopus (2023-10)|WoS-SCIE (2024-05-31)
112312	2024	10.1016/j.jpsychires.2024.03.019	Characterizing cognitive subtypes in schizophrenia using cortical curvature	Journal of Psychiatric Research	Elsevier BV	0022-3956	MEDLINE (2024-05-31)|Scopus (2023-10)|WoS-SCIE (2024-05-31)|WoS-SSCI (2024-05-31)
112313	2024	10.1016/j.nicl.2024.103597	Impact of adult-onset multiple sclerosis on MRI-based intracranial volume: a study in clinically discordant monozygotic twins	NeuroImage: Clinical	Elsevier BV	2213-1582	MEDLINE (2024-05-31)|Scopus (2023-10)|WoS-SCIE (2024-05-31)
112317	2024	10.1016/j.esmoop.2024.102633	54P Efficacy of first-line immunotherapy for non-small cell lung cancer with MET exon 14 skipping according to PD-L1 expression [Abstract]	ESMO Open	Elsevier BV	2059-7029	MEDLINE (2024-05-31)|Scopus (2023-10)|WoS-SCIE (2024-05-31)
112306	2024	10.1016/j.xjtc.2024.03.004	Biomechanics of aortic valve annuloplasty: same goal, different techniques	JTCVS Techniques	Elsevier BV	2666-2507	Scopus (2023-10)|WoS-ESCI (2024-05-31)
112486	2024	10.1016/j.bbamcr.2024.119721	E2F transcription factor-1 modulates expression of glutamine metabolic genes in mouse embryonic fibroblasts and uterine sarcoma cells	Biochimica et Biophysica Acta (BBA) - Molecular Cell Research	Elsevier BV	0167-4889	MEDLINE (2024-05-31)|Scopus (2023-10)|WoS-SCIE (2024-05-31)
112488	2024	10.1016/j.avsg.2024.01.022	A systematic review and meta-analysis of heparin-bonded expanded polytetrafluoroethylene grafts for below-the-knee femoral bypass surgery	Annals of Vascular Surgery	Elsevier BV	0890-5096	MEDLINE (2024-05-31)|Scopus (2023-10)|WoS-SCIE (2024-05-31)
112484	2024	10.1016/j.jcrc.2024.154559	Prediction of blood transfusion in intensive care patients after surgery	Journal of Critical Care	Elsevier BV	0883-9441	MEDLINE (2024-05-31)|Scopus (2023-10)|WoS-SCIE (2024-05-31)
112538	2024	10.1038/s41431-024-01608-9	Ethical and social implications of public–private partnerships in the context of genomic/big health data collection	European Journal of Human Genetics	Springer	1476-5438	MEDLINE (2024-05-31)|Scopus (2023-10)|WoS-SCIE (2024-05-31)
112558	2024	10.1055/a-2259-4323	Ziele und Aufgaben der Arbeitsgruppe „Interprofessionelle Zusammenarbeit“ in der DGRW	Die Rehabilitation	Georg Thieme	0034-3536|1439-1309	MEDLINE (2024-05-31)|Scopus (2023-10)|WoS-SCIE (2024-05-31)
112527	2024	10.1007/s00784-024-05615-4	Clinical insights into traumatic injury of the inferior alveolar and lingual nerves: a comprehensive approach from diagnosis to therapeutic interventions	Clinical Oral Investigations	Springer Science and Business Media LLC	1436-3771	MEDLINE (2024-05-31)|Scopus (2023-10)|WoS-SCIE (2024-05-31)
112530	2024	10.3389/fmed.2024.1332716	The protective effect of tumor necrosis factor-alpha inhibitors in COVID-19 in patients with inflammatory rheumatic diseases compared to the general population: a comparison of two German registries	Frontiers in Medicine	Frontiers Media SA	2296-858X	Scopus (2023-10)|WoS-SCIE (2024-05-31)
112532	2024	10.1159/000536201	Management of patients undergoing CAR-T cell therapy in Germany	Oncology Research and Treatment	S. Karger AG	2296-5270|2296-5262	MEDLINE (2024-05-31)|Scopus (2023-10)|WoS-SCIE (2024-05-31)
112533	2024	10.3390/brainsci14030295	A retrospective analysis of temporal lobe gliosis after middle fossa resection of small vestibular schwannomas	Brain Sciences	MDPI AG	2076-3425	Scopus (2023-10)|WoS-SCIE (2024-05-31)
112585	2024	10.1016/j.tranon.2024.101913	Stroma AReactive Invasion Front Areas (SARIFA): a novel histopathologic biomarker in colorectal cancer patients and its association with the luminal tumour proportion	Translational Oncology	Elsevier BV	1936-5233	Scopus (2023-10)|WoS-SCIE (2024-05-31)
112589	2024	10.1016/j.ijnurstu.2024.104764	Variations in reporting of nurse involvement in end-of-life practices in intensive care units worldwide (ETHICUS-2): a prospective observational study	International Journal of Nursing Studies	Elsevier BV	0020-7489	MEDLINE (2024-05-31)|Scopus (2023-10)|WoS-SCIE (2024-05-31)|WoS-SSCI (2024-05-31)
112667	2024	10.1016/j.gie.2023.12.004	American Society for Gastrointestinal Endoscopy–European Society of Gastrointestinal Endoscopy guideline on primary endoscopic bariatric and metabolic therapies for adults with obesity	Gastrointestinal Endoscopy	Elsevier BV	0016-5107	MEDLINE (2024-05-31)|Scopus (2023-10)|WoS-SCIE (2024-05-31)
112662	2024	10.1111/exd.14994	P018 Understanding the factors influencing birch pollen allergenicity and its health effects [Abstract]	Experimental Dermatology	Wiley	0906-6705	MEDLINE (2024-05-31)|Scopus (2023-10)|WoS-SCIE (2024-05-31)
112663	2024	10.1111/exd.14994	P119 Targeted systemic treatment modulates the relative abundance of staphylococcus aureus in patients with atopic dermatitis [Abstract]	Experimental Dermatology	Wiley	0906-6705	MEDLINE (2024-05-31)|Scopus (2023-10)|WoS-SCIE (2024-05-31)
112580	2024	10.1007/s00761-024-01476-4	Karzinom unklaren Ursprungs – interdisziplinäre Therapiestruktur	Die Onkologie	Springer Science and Business Media LLC	2731-7226|2731-7234	Scopus (2023-10)|WoS-SCIE (2024-05-31)
112575	2024	10.1038/s41375-024-02204-y	Management and outcome of patients with chronic myeloid leukemia in blast phase in the tyrosine kinase inhibitor era – analysis of the European LeukemiaNet Blast Phase Registry	Leukemia	Springer Science and Business Media LLC	0887-6924|1476-5551	MEDLINE (2024-05-31)|Scopus (2023-10)|WoS-SCIE (2024-05-31)
112604	2024	10.1186/s12903-024-04057-4	Performance of cone-beam computed tomography (CBCT) in comparison to conventional computed tomography (CT) and magnetic resonance imaging (MRI) for the detection of bone invasion in oral squamous cell cancer (OSCC): a prospective study	BMC Oral Health	Springer Science and Business Media LLC	1472-6831	MEDLINE (2024-05-31)|Scopus (2023-10)|WoS-SCIE (2024-05-31)
112590	2024	10.1186/s41747-024-00443-3	Multimaterial decomposition in dual-energy CT for characterization of clots from acute ischemic stroke patients	European Radiology Experimental	Springer Nature	2509-9280	MEDLINE (2024-05-31)|Scopus (2023-10)|WoS-ESCI (2024-05-31)
112602	2024	10.3390/diagnostics14070718	Radiomics-based machine learning model for diagnosis of acute pancreatitis using computed tomography	Diagnostics	MDPI AG	2075-4418	Scopus (2023-10)|WoS-SCIE (2024-05-31)
112584	2024	10.1055/a-2194-9965	CXCR4-targeted theranostics in hematooncology: opportunities and challenges	Nuklearmedizin - NuclearMedicine	Georg Thieme	0029-5566|2567-6407	MEDLINE (2024-05-31)|Scopus (2023-10)|WoS-SCIE (2024-05-31)
112594	2024	10.1111/exd.14994	P019 Efficacy of a dermocosmetic containing neurosensine, sphingobioma and niacinamide in patients with atopic dermatitis - achieving rapid symptom relief after one-day use and sustained improvement of disease severity and quality of life over time [Abstract]	Experimental Dermatology	Wiley	0906-6705|1600-0625	MEDLINE (2024-05-31)|Scopus (2023-10)|WoS-SCIE (2024-05-31)
112593	2024	10.1111/exd.14994	P238 Skin microbiome dynamics as predictor and pathogenesis mechanism for severe radiodermatitis in breast cancer patients [Abstract]	Experimental Dermatology	Wiley	0906-6705|1600-0625	MEDLINE (2024-05-31)|Scopus (2023-10)|WoS-SCIE (2024-05-31)
112592	2024	10.1111/exd.14994	P118 Early distinct immune responses in COVID-19 vaccine-breakthrough versus non-vaccinated patients [Abstract]	Experimental Dermatology	Wiley	0906-6705|1600-0625	MEDLINE (2024-05-31)|Scopus (2023-10)|WoS-SCIE (2024-05-31)
112591	2024	10.1111/exd.14994	P062 Across the skin depths: increased absolute levels of bacteria within atopic dermatitis and psoriasis, but not chronic spontaneous urticaria [Abstract]	Experimental Dermatology	Wiley	0906-6705|1600-0625	MEDLINE (2024-05-31)|Scopus (2023-10)|WoS-SCIE (2024-05-31)
112598	2024	10.1186/s12944-024-02094-0	Association of the habitual dietary intake with the fatty liver index and effect modification by metabotypes in the population-based KORA-Fit study	Lipids in Health and Disease	Springer Science and Business Media LLC	1476-511X	MEDLINE (2024-05-31)|Scopus (2023-10)|WoS-SCIE (2024-05-31)
112599	2024	10.1007/s00417-024-06448-3	Hyalocytes — guardians of the vitreoretinal interface	Graefe's Archive for Clinical and Experimental Ophthalmology	Springer Science and Business Media LLC	0721-832X|1435-702X	MEDLINE (2024-05-31)|Scopus (2023-10)|WoS-SCIE (2024-05-31)
112586	2024	10.1016/j.bbi.2024.04.011	Association of symptom severity and cerebrospinal fluid alterations in recent onset psychosis in schizophrenia-spectrum disorders – an individual patient data meta-analysis	Brain, Behavior, and Immunity	Elsevier BV	0889-1591	MEDLINE (2024-05-31)|Scopus (2023-10)|WoS-SCIE (2024-05-31)
112572	2024	10.1007/s00406-024-01789-w	Predictors of adherence to exercise interventions in people with schizophrenia	European Archives of Psychiatry and Clinical Neuroscience	Springer Science and Business Media LLC	0940-1334|1433-8491	MEDLINE (2024-05-31)|Scopus (2023-10)|WoS-SCIE (2024-05-31)
112595	2024	10.1080/02673843.2024.2335198	Cross-national differences in adolescents' sleep patterns: a time-use approach	International Journal of Adolescence and Youth	Informa UK Limited	0267-3843|2164-4527	Scopus (2023-10)|WoS-ESCI (2024-05-31)
112784	2024	10.1016/j.biopsych.2024.04.014	Signature of altered retinal microstructures and electrophysiology in schizophrenia spectrum disorders is associated with disease severity and polygenic risk	Biological Psychiatry	Elsevier BV	0006-3223	MEDLINE (2024-05-31)|Scopus (2023-10)|WoS-SCIE (2024-05-31)
112743	2024	10.1038/s41431-024-01612-z	Negotiating severity behind the scenes: prenatal testing in Germany	European Journal of Human Genetics	Springer Science and Business Media LLC	1018-4813|1476-5438	MEDLINE (2024-05-31)|Scopus (2023-10)|WoS-SCIE (2024-05-31)
112751	2024	10.1080/09687599.2022.2070059	A test of faith? Attitudes of ultraorthodox Jewish parents of children with down syndrome toward prenatal testing	Disability & Society	Informa UK Limited	0968-7599|1360-0508	Scopus (2023-10)|WoS-SSCI (2024-05-31)
112801	2024	10.1007/s11060-024-04688-1	Intraoperative radiotherapy combined with spinal stabilization surgery: a novel treatment strategy for spinal metastases based on a first single-center experiences	Journal of Neuro-Oncology	Springer Science and Business Media LLC	0167-594X|1573-7373	MEDLINE (2024-05-31)|Scopus (2023-10)|WoS-SCIE (2024-05-31)
112767	2024	10.1016/j.ejpn.2024.04.011	Blood parameters in pediatric myelin oligodendrocyte glycoprotein antibody-associated disorders	European Journal of Paediatric Neurology	Elsevier BV	1090-3798	MEDLINE (2024-05-31)|Scopus (2023-10)|WoS-SCIE (2024-05-31)
112764	2024	10.2967/jnumed.123.266537	Preclinical evaluation of minigastrin analogs and proof-of-concept [68Ga]Ga-DOTA-CCK-66 PET/CT in 2 patients with medullary thyroid cancer	Journal of Nuclear Medicine	Society of Nuclear Medicine	0161-5505|2159-662X	MEDLINE (2024-05-31)|Scopus (2023-10)|WoS-SCIE (2024-05-31)
112783	2024	10.1016/j.igie.2024.04.006	“Through-Stent-Enterography”: first experience with a novel technique intended to improve safety in endosonographic-guided gastroenterostomy (with video)	iGIE	Elsevier BV	2949-7086	
112857	2024	10.1007/s00392-024-02396-4	Heart failure with preserved ejection fraction: diagnosis, risk assessment, and treatment	Clinical Research in Cardiology	Springer Science and Business Media LLC	1861-0684|1861-0692	MEDLINE (2024-05-31)|Scopus (2023-10)|WoS-SCIE (2024-05-31)
113007	2024	10.1007/s44266-024-00226-4	Rahmenbedingungen der Primärversorgung in Deutschland, Norwegen, Großbritannien, den Niederlanden und Italien – eine Übersicht|Frameworks of primary care in Germany, Norway, Great Britain, the Netherlands and Italy — an overview	Zeitschrift für Allgemeinmedizin	Springer Science and Business Media LLC	1433-6251|1439-9229	Scopus (2023-10)
95356	2024	10.1007/s10049-022-00998-x	Integrierte Notfallzentren: eine Lösung zur Patientensteuerung? Eine literaturgestützte empirische Primärdatenerhebung	Notfall + Rettungsmedizin	Springer Science and Business Media LLC	1434-6222|1436-0578	Scopus (2023-10)|WoS-SCIE (2024-05-31)
109955	2024	10.1080/00207454.2022.2082965	Infratentorial ganglioglioma mimicking a cerebellar metastasis	International Journal of Neuroscience	Informa UK Limited	0020-7454|1543-5245	MEDLINE (2024-05-31)|Scopus (2023-10)|WoS-SCIE (2024-05-31)
104458	2024	10.1177/14713012231176305	Accessing dementia care in Brazil: an analysis of case vignettes	Dementia	SAGE Publications	1471-3012|1741-2684	MEDLINE (2024-05-31)|Scopus (2023-10)|WoS-SSCI (2024-05-31)
103416	2024	10.1055/a-1981-2883	Status der stationären Behandlung psychisch erkrankter Strafgefangener in allgemeinpsychiatrischen Abteilungen und Kliniken	Fortschritte der Neurologie · Psychiatrie	Georg Thieme	0720-4299|1439-3522	MEDLINE (2024-05-31)|Scopus (2023-10)|WoS-SCIE (2024-05-31)
103036	2024	10.1016/j.otsr.2023.103603	Minimally invasive cerclage at the tibia using a modified Goetze technique: an anatomical study	Orthopaedics & Traumatology: Surgery & Research	Elsevier BV	1877-0568	MEDLINE (2024-05-31)|Scopus (2023-10)|WoS-SCIE (2024-05-31)
106721	2024	10.1136/jnis-2023-020204	Antithrombotic regimen in emergent carotid stenting for acute ischemic stroke due to tandem occlusion: a meta-analysis of aggregate data	Journal of NeuroInterventional Surgery	BMJ	1759-8478|1759-8486	MEDLINE (2024-05-31)|Scopus (2023-10)|WoS-SCIE (2024-05-31)
106705	2024	10.1177/14713012231193081	Pathways to care for people with dementia in India: an exploratory study using case vignettes	Dementia	SAGE Publications	1471-3012|1741-2684	MEDLINE (2024-05-31)|Scopus (2023-10)|WoS-SSCI (2024-05-31)
109356	2024	10.1093/ibd/izad138	Real-world effectiveness of vedolizumab vs anti-TNF in biologic-naïve Crohn's disease patients: a 2-year propensity-score-adjusted analysis from the VEDOIBD-study	Inflammatory Bowel Diseases	Oxford University Press (OUP)	1078-0998|1536-4844	MEDLINE (2024-05-31)|Scopus (2023-10)|WoS-SCIE (2024-05-31)
109880	2024	10.1111/den.14682	First report from the international evaluation of endoscopic classification Japan NBI Expert team: international multicenter web trial	Digestive Endoscopy	Wiley-Blackwell	0915-5635|1443-1661	MEDLINE (2024-05-31)|Scopus (2023-10)|WoS-SCIE (2024-05-31)
108795	2024	10.1097/ta.0000000000004077	High positive end-expiratory pressure ventilation mitigates the progression from unilateral pulmonary contusion to ARDS: an animal study	Journal of Trauma and Acute Care Surgery	Ovid Technologies (Wolters Kluwer Health)	2163-0763|2163-0755	MEDLINE (2024-05-31)|Scopus (2023-10)|WoS-SCIE (2024-05-31)
108128	2024	10.1177/08465371231181910	Response to ChatGPT in radiology: a deeper look into its limitations and potential pathways for improvement	Canadian Association of Radiologists Journal	SAGE Publications	0846-5371|1488-2361	MEDLINE (2024-05-31)|Scopus (2023-10)|WoS-SCIE (2024-05-31)
109997	2024	10.1227/neu.0000000000002707	Necrosectomy versus stand-alone suboccipital decompressive craniectomy for the management of space-occupying cerebellar infarctions: a retrospective multicenter study	Neurosurgery	Ovid Technologies (Wolters Kluwer Health)	0148-396X|1524-4040	MEDLINE (2024-05-31)|Scopus (2023-10)|WoS-SCIE (2024-05-31)
111498	2024	10.1055/a-2133-3527	Einfluss von Leitlinienempfehlungen, Versorgungsstrukturen und individuellen Faktoren auf die Inanspruchnahme von psychosozialen Therapien bei schwer psychisch kranken Menschen	Psychiatrische Praxis	Georg Thieme Verlag KG	0303-4259|1439-0876	MEDLINE (2024-05-31)|Scopus (2023-10)|WoS-SSCI (2024-05-31)
109708	2024	10.1055/s-0043-1772221	Plasma soluble glycoprotein VI, platelet function, bleeding, and ischemic events in patients undergoing elective percutaneous coronary intervention	Thrombosis and Haemostasis	Georg Thieme	0340-6245|2567-689X	MEDLINE (2024-05-31)|Scopus (2023-10)|WoS-SCIE (2024-05-31)
109891	2024	10.1007/s00247-023-05746-y	The unintended consequences of artificial intelligence in paediatric radiology	Pediatric Radiology	Springer Science and Business Media LLC	1432-1998	MEDLINE (2024-05-31)|Scopus (2023-10)|WoS-SCIE (2024-05-31)
112616	2024	10.1007/s00063-023-01082-z	Gastrointestinales Versagen: Ernährung bei Reflux und Darmatonie	Medizinische Klinik - Intensivmedizin und Notfallmedizin	Springer Science and Business Media LLC	2193-6218|2193-6226	MEDLINE (2024-05-31)|Scopus (2023-10)|WoS-SCIE (2024-05-31)
110447	2024	10.19224/ai2024.040	Rechtssicherheit und -kenntnisse in der Intensivmedizin: Auswertung einer quantitativen deutschlandweiten Umfrage	A&I: Anästhesiologie & Intensivmedizin	Aktiv Druck und Verlag	0170-5334|1439-0256	Scopus (2023-10)|WoS-SCIE (2024-05-31)
110480	2024	10.1055/a-2167-1969	Bisherige Ersteinschätzungssysteme zur Identifikation kritisch Kranker helfen in der Präklinik nicht	Notarzt	Georg Thieme	0177-2309	Scopus (2023-10)|WoS-SCIE (2024-05-31)
110481	2024	10.1055/a-2167-1983	Dänemark: Pflichtschulung in Reanimation für den Führerschein – aber hat das auch Erfolg?	Notarzt	Georg Thieme	0177-2309	Scopus (2023-10)|WoS-SCIE (2024-05-31)
111137	2024	10.1080/13523260.2023.2288468	(En)Countering epistemic imperialism: a critique of "Westsplaining" and coloniality in dominant debates on Russia's invasion of Ukraine	Contemporary Security Policy	Informa UK Limited	1352-3260|1743-8764	Scopus (2023-10)|WoS-SSCI (2024-05-31)
111913	2024	10.1097/hep.0000000000000684	Genetic landscape of pediatric acute liver failure of indeterminate origin	Hepatology	Ovid Technologies (Wolters Kluwer Health)	0270-9139	MEDLINE (2024-05-31)|Scopus (2023-10)|WoS-SCIE (2024-05-31)
110724	2024	10.1111/codi.16811	Inpatient treatment of acute diverticulitis between 2010 and 2021 – a German nationwide study about long‐term trends and effects of the SARS-CoV-2 pandemic	Colorectal Disease	Wiley	1462-8910|1463-1318	MEDLINE (2024-05-31)|Scopus (2023-10)|WoS-SCIE (2024-05-31)
110728	2024	10.1038/s41416-023-02515-4	Stroma AReactive Invasion Front Areas (SARIFA) improves prognostic risk stratification of perioperative chemotherapy treated oesophagogastric cancer patients from the MAGIC and the ST03 trial	British Journal of Cancer	Springer	0007-0920|1532-1827	MEDLINE (2024-05-31)|Scopus (2023-10)|WoS-SCIE (2024-05-31)
110479	2024	10.1055/a-2167-1885	Wie gut erkennen wir lebensbedrohliche Blutungen beim Traumapatienten?	Notarzt	Georg Thieme	0177-2309	Scopus (2023-10)|WoS-SCIE (2024-05-31)
104043	2024	10.1093/ehjqcco/qcad015	Health economic consequences of optimal vs. observed guideline adherence of coronary angiography in patients with suspected obstructive stable coronary artery in Germany: a microsimulation model	European Heart Journal - Quality of Care & Clinical Outcomes	Oxford University Press (OUP)	2058-5225|2058-1742	MEDLINE (2024-05-31)|Scopus (2023-10)|WoS-SCIE (2024-05-31)
110561	2024	10.1016/j.joim.2023.12.002	Mapping the clinical practice of traditional, complementary and integrative medicine in oncology in Western countries: a multinational cross-sectional survey	Journal of Integrative Medicine	Elsevier BV	2095-4964	MEDLINE (2024-05-31)|Scopus (2023-10)|WoS-SCIE (2024-05-31)
104597	2024	10.1007/s00406-023-01593-y	Polygenetic risk scores and phenotypic constellations of obsessive–compulsive disorder in clozapine-treated schizophrenia	European Archives of Psychiatry and Clinical Neuroscience	Springer Science and Business Media LLC	0940-1334|1433-8491	MEDLINE (2024-05-31)|Scopus (2023-10)|WoS-SCIE (2024-05-31)
104715	2024	10.1007/s11553-023-01051-6	Gesundheitsförderung auf dem Campus – wie es Studierenden geht und was sie sich wünschen: Ergebnisse einer Befragung unter Studierenden der Erziehungswissenschaft und der Humanmedizin an der Universität Augsburg	Prävention und Gesundheitsförderung	Springer	1861-6755|1861-6763	Scopus (2023-10)|WoS-ESCI (2024-05-31)
103964	2024	10.1007/s00787-023-02179-8	Culturally sensitive stepped care for adolescent refugees: efficacy and cost–utility of a multicentric randomized controlled trial	European Child & Adolescent Psychiatry	Springer Science and Business Media LLC	1018-8827|1435-165X	MEDLINE (2024-05-31)|Scopus (2023-10)|WoS-SCIE (2024-05-31)|WoS-SSCI (2024-05-31)
107228	2024	10.1007/s00406-023-01646-2	Step away from depression:results from a multicenter randomized clinical trial with a pedometer intervention during and after inpatient treatment of depression	European Archives of Psychiatry and Clinical Neuroscience	Springer Science and Business Media LLC	0940-1334|1433-8491	MEDLINE (2024-05-31)|Scopus (2023-10)|WoS-SCIE (2024-05-31)
106119	2024	10.1111/bioe.13185	Transformative medical ethics: a framework for changing practice according to normative–ethical requirements	Bioethics	Wiley	0269-9702|1467-8519	MEDLINE (2024-05-31)|Scopus (2023-10)|WoS-SCIE (2024-05-31)|WoS-SSCI (2024-05-31)
111475	2024	10.1002/ejp.2192	Is conditioned pain modulation (CPM) affected by negative emotional state?	European Journal of Pain	Wiley	1090-3801|1532-2149	MEDLINE (2024-05-31)|Scopus (2023-10)|WoS-SCIE (2024-05-31)
112824	2024	10.1111/ddg.15288	Diagnosis and therapy of actinic keratosis	JDDG: Journal der Deutschen Dermatologischen Gesellschaft	Wiley	1610-0379|1610-0387	MEDLINE (2024-05-31)|Scopus (2023-10)|WoS-SCIE (2024-05-31)
112826	2024	10.12688/mep.19826.2	Practical tips to improve bedside teaching using learning theories and clinical reasoning	MedEdPublish	F1000 Research Ltd	2312-7996	
112744	2024	10.1055/a-2217-7761	Verringerung der gesundheitlichen Ungleichheit: Entwicklung eines Stufenplans zur gesundheitspolitischen Entscheidungsfindung	Das Gesundheitswesen	Georg Thieme	0941-3790|1439-4421	MEDLINE (2024-05-31)|Scopus (2023-10)|WoS-SSCI (2024-05-31)
112825	2024	10.1111/ddg.15344	Severe atopic dermatitis in early infancy: characteristics, challenges and new perspectives in clinical practice	JDDG: Journal der Deutschen Dermatologischen Gesellschaft	Wiley	1610-0379|1610-0387	MEDLINE (2024-05-31)|Scopus (2023-10)|WoS-SCIE (2024-05-31)
112130	2024	10.3390/hearts5010010	Second Edition of the German–Austrian S3 Guideline “Infarction-related cardiogenic shock: diagnosis, monitoring and treatment”	Hearts	MDPI AG	2673-3846	
112482	2024	10.1016/j.jcrc.2024.154561	Scarce, scarcer, scarcest: sensitivity-flexible AI-based planning of elective surgeries for efficient and effective intensive care resource management	Journal of Critical Care	Elsevier BV	0883-9441	MEDLINE (2024-05-31)|Scopus (2023-10)|WoS-SCIE (2024-05-31)
112773	2024	10.1186/s41181-023-00230-2	Position paper to facilitate patient access to radiopharmaceuticals: considerations for a suitable pharmaceutical regulatory framework	EJNMMI Radiopharmacy and Chemistry	Springer Science and Business Media LLC	2365-421X	Scopus (2023-10)|WoS-ESCI (2024-05-31)
112772	2024	10.1111/jdv.19737	A large language model artificial intelligence for patient queries in atopic dermatitis	Journal of the European Academy of Dermatology and Venereology	Wiley	0926-9959|1468-3083	MEDLINE (2024-05-31)|Scopus (2023-10)|WoS-SCIE (2024-05-31)
112771	2024	10.1136/jnis-2023-021074	The pEGASUS-HPC stent system for stent-assisted coiling of cerebral aneurysms: a multicenter case series	Journal of NeuroInterventional Surgery	BMJ	1759-8478|1759-8486	MEDLINE (2024-05-31)|Scopus (2023-10)|WoS-SCIE (2024-05-31)
112828	2024	10.1002/pbc.30821	NUT carcinoma in pediatric patients: characteristics, therapeutic regimens, and outcomes of 11 cases registered with the German Registry for Rare Pediatric Tumors (STEP)	Pediatric Blood & Cancer	Wiley	1545-5009|1545-5017	MEDLINE (2024-05-31)|Scopus (2023-10)|WoS-SCIE (2024-05-31)
110601	2024	10.1111/febs.17015	Molecular characterization of the craniosynostosis‐associated interleukin‐11 receptor variants p.T306_S308dup and p.E364_V368del	The FEBS Journal	Wiley	1742-464X|1742-4658	MEDLINE (2024-05-31)|Scopus (2023-10)|WoS-SCIE (2024-05-31)
109890	2024	10.1007/s15010-023-02091-y	Understanding the biases to sepsis surveillance and quality assurance caused by inaccurate coding in administrative health data	Infection	Springer Science and Business Media LLC	0300-8126|1439-0973	MEDLINE (2024-05-31)|Scopus (2023-10)|WoS-SCIE (2024-05-31)
109363	2024	10.1007/s12028-023-01782-6	Outcomes after decompressive surgery for severe cerebral venous sinus thrombosis associated or not associated with vaccine-induced immune thrombosis with thrombocytopenia: a multicenter cohort study	Neurocritical Care	Springer Science and Business Media LLC	1541-6933|1556-0961	MEDLINE (2024-05-31)|Scopus (2023-10)|WoS-SCIE (2024-05-31)
109782	2024	10.1007/s00108-023-01593-z	Akutes Abdomen – seltene Ursache bei einer 80-jährigen Patientin unter immunsuppressiver Therapie|Acute abdomen—Rare cause in an 80-year-old female patient under immunosuppressive treatment	Die Innere Medizin	Springer	2731-7080|2731-7099	MEDLINE (2024-05-31)|Scopus (2023-10)|WoS-SCIE (2024-05-31)
109796	2024	10.1007/s00259-023-06511-x	Intense PSMA expression of the uvula detected by [68 Ga]Ga-PSMA-PET/CT	European Journal of Nuclear Medicine and Molecular Imaging	Springer	1619-7070|1619-7089	MEDLINE (2024-05-31)|Scopus (2023-10)|WoS-SCIE (2024-05-31)
112855	2024	10.1515/labmed-2023-0156	Concept and feasibility of the Augsburg longitudinal plasma study (ALPS) - a prospective trial for comprehensive liquid biopsy-based longitudinal monitoring of solid cancer patients	Journal of Laboratory Medicine	Walter de Gruyter	2567-9430|2567-9449	Scopus (2023-10)|WoS-SCIE (2024-05-31)
113207	2024	10.1007/s00394-024-03411-0	Differential association of dietary scores with the risk of type 2 diabetes by metabotype	European Journal of Nutrition	Springer Science and Business Media LLC	1436-6207|1436-6215	MEDLINE (2024-05-31)|Scopus (2023-10)|WoS-SCIE (2024-05-31)
113072	2024	10.1016/j.jceh.2024.101434	Use of bacterial DNA concentration in ascites as a marker for spontaneous bacterial peritonitis	Journal of Clinical and Experimental Hepatology	Elsevier BV	0973-6883	Scopus (2023-10)|WoS-ESCI (2024-05-31)
113077	2024	10.1002/brb3.3480	Comparative electroencephalography analysis: marathon runners during tapering versus sedentary controls reveals no significant differences	Brain and Behavior	Wiley	2162-3279	MEDLINE (2024-05-31)|Scopus (2023-10)|WoS-SCIE (2024-05-31)
113075	2024	10.1016/j.ctro.2024.100790	Dummy run for planning of isotoxic dose-escalated radiation therapy for glioblastoma used in the PRIDE trial (NOA-28; ARO-2024-01; AG-NRO-06)	Clinical and Translational Radiation Oncology	Elsevier BV	2405-6308	Scopus (2023-10)|WoS-SCIE (2024-05-31)
113073	2024	10.1016/j.ijheh.2024.114389	Implementing a multimodal intervention using local resources to improve hand hygiene compliance in a comprehensive specialized hospital in Mekelle, Northern Ethiopia	International Journal of Hygiene and Environmental Health	Elsevier BV	1438-4639	MEDLINE (2024-05-31)|Scopus (2023-10)|WoS-SCIE (2024-05-31)
113076	2024	10.1016/j.jhazmat.2024.134539	Annual atrazine residue estimation in Chinese agricultural soils by integrated modeling of machine learning and mechanism-based models	Journal of Hazardous Materials	Elsevier BV	0304-3894	MEDLINE (2024-05-31)|Scopus (2023-10)|WoS-SCIE (2024-05-31)
112827	2024	10.1111/jdv.19723	Atopic dermatitis: a global health perspective	Journal of the European Academy of Dermatology and Venereology	Wiley	0926-9959|1468-3083	MEDLINE (2024-05-31)|Scopus (2023-10)|WoS-SCIE (2024-05-31)
113158	2024	10.3389/fphar.2024.1392027	Small pouches, but high nicotine doses—nicotine delivery and acute effects after use of tobacco-free nicotine pouches	Frontiers in Pharmacology	Frontiers Media SA	1663-9812	Scopus (2023-10)|WoS-SCIE (2024-05-31)
113079	2024	10.1186/s42466-024-00318-3	Recommendations for the organization of the teleconsultation service in a telestroke network	Neurological Research and Practice	Springer Science and Business Media LLC	2524-3489	Scopus (2023-10)|WoS-ESCI (2024-05-31)
113097	2024	10.1016/j.ijnsa.2024.100207	Hand hygiene in emergencies: multiprofessional perceptions from a mixed methods based online survey in Germany	International Journal of Nursing Studies Advances	Elsevier BV	2666-142X	Scopus (2023-10)|WoS-ESCI (2024-05-31)
113096	2024	10.1016/j.tips.2024.04.011	Enhancing oncogenic signaling to kill cancer cells	Trends in Pharmacological Sciences	Elsevier BV	0165-6147	MEDLINE (2024-05-31)|Scopus (2023-10)|WoS-SCIE (2024-05-31)
113095	2024	10.1016/j.envres.2024.119114	Continental-scale evaluation of downy birch pollen production: estimating the impacts of global change	Environmental Research	Elsevier BV	0013-9351	MEDLINE (2024-05-31)|Scopus (2023-10)|WoS-SCIE (2024-05-31)
113093	2024	10.1016/j.neulet.2024.137814	Galanin diminishes cortical spreading depolarization across rodents – a candidate for treatment?	Neuroscience Letters	Elsevier BV	0304-3940	MEDLINE (2024-05-31)|Scopus (2023-10)|WoS-SCIE (2024-05-31)
113092	2024	10.1016/j.bpg.2024.101918	Navigating the learning landscape: comprehensive training in third space endoscopy - training, techniques, and practical recommendations	Best Practice & Research Clinical Gastroenterology	Elsevier BV	1521-6918	MEDLINE (2024-05-31)|Scopus (2023-10)|WoS-SCIE (2024-05-31)
113091	2024	10.1016/j.htct.2024.04.099	Prolonged and intense uptake of [177LU]LU-FAP-RTX in myoepithelial carcinoma: a case report [Abstract]	Hematology, Transfusion and Cell Therapy	Elsevier BV	2531-1379	Scopus (2023-10)|WoS-ESCI (2024-05-31)
113057	2024	10.1093/ejendo/lvae038	International consensus on mitotane treatment in pediatric patients with adrenal cortical tumors: indications, therapy, and management of adverse effects	European Journal of Endocrinology	Oxford University Press (OUP)	0804-4643|1479-683X	MEDLINE (2024-05-31)|Scopus (2023-10)|WoS-SCIE (2024-05-31)
113030	2024	10.1111/ddg.15310	Line‐field confocal optical coherence tomography, a novel non‐invasive tool for the diagnosis of onychomycosis	JDDG: Journal der Deutschen Dermatologischen Gesellschaft	Wiley	1610-0379|1610-0387	MEDLINE (2024-05-31)|Scopus (2023-10)|WoS-SCIE (2024-05-31)
113124	2024	10.1007/s40257-023-00838-9	OX40 in the pathogenesis of Atopic Dermatitis: a new therapeutic target	American Journal of Clinical Dermatology	Springer Science and Business Media LLC	1175-0561|1179-1888	MEDLINE (2024-05-31)|Scopus (2023-10)|WoS-SCIE (2024-05-31)
113123	2024	10.1007/s00384-023-04586-4	Role of visceral fat on postoperative complications and relapse in patients with Crohn's disease after ileocecal resection: Is it overrated?	International Journal of Colorectal Disease	Springer Science and Business Media LLC	1432-1262	MEDLINE (2024-05-31)|Scopus (2023-10)|WoS-SCIE (2024-05-31)
113125	2024	10.1002/jmv.29390	The swab site of the upper airways influences the diagnostic sensitivity for the omicron variant of SARS‐CoV‐2	Journal of Medical Virology	Wiley	0146-6615|1096-9071	MEDLINE (2024-05-31)|Scopus (2023-10)|WoS-SCIE (2024-05-31)
112609	2024	10.1016/j.artmed.2024.102873	The AI ethics of digital COVID-19 diagnosis and their legal, medical, technological, and operational managerial implications	Artificial Intelligence in Medicine	Elsevier	0933-3657	MEDLINE (2024-05-31)|Scopus (2023-10)|WoS-SCIE (2024-05-31)
113154	2024	10.1016/j.isci.2024.110031	Spatiotemporal sphingosine-1-phosphate receptor 3 expression within the cerebral vasculature after ischemic stroke	iScience	Elsevier BV	2589-0042	Scopus (2023-10)|WoS-SCIE (2024-05-31)
113153	2024	10.1016/j.bcp.2024.116305	Cardiomyocyte-specific RXFP1 overexpression protects against pressure overload-induced cardiac dysfunction independently of Relaxin	Biochemical Pharmacology	Elsevier BV	0006-2952	MEDLINE (2024-05-31)|Scopus (2023-10)|WoS-SCIE (2024-05-31)
113152	2024	10.1016/j.jaci.2024.04.029	Exploring the skin microbiome in atopic dermatitis pathogenesis and disease modification	Journal of Allergy and Clinical Immunology	Elsevier BV	0091-6749	MEDLINE (2024-05-31)|Scopus (2023-10)|WoS-SCIE (2024-05-31)
113080	2024	10.1055/a-2240-9414	Perspectives and awareness of endoscopy healthcare professionals on sustainable practices in gastrointestinal endoscopy: results of the LEAFGREEN survey	Endoscopy	Georg Thieme Verlag KG	0013-726X|1438-8812	MEDLINE (2024-05-31)|Scopus (2023-10)|WoS-SCIE (2024-05-31)
113135	2024	10.1186/s13550-024-01105-6	Biodistribution and radiation dosimetry of [99mTc]Tc-N4-BTG in patients with biochemical recurrence of prostate cancer	EJNMMI Research	Springer Science and Business Media LLC	2191-219X	Scopus (2023-10)|WoS-SCIE (2024-05-31)
113128	2024	10.1055/a-2294-8371	Die Versorgung von an Schizophrenie erkrankten Menschen mit kognitiver Remediationstherapie: Ergebnisse einer Befragung in psychiatrischen Kliniken in Deutschland	Fortschritte der Neurologie · Psychiatrie	Georg Thieme Verlag KG	0720-4299|1439-3522	MEDLINE (2024-05-31)|Scopus (2023-10)|WoS-SCIE (2024-05-31)
113132	2024	10.1080/14740338.2024.2348561	A review on side effect management of second-generation antipsychotics to treat schizophrenia: a drug safety perspective	Expert Opinion on Drug Safety	Informa UK Limited	1474-0338|1744-764X	MEDLINE (2024-05-31)|Scopus (2023-10)|WoS-SCIE (2024-05-31)
113082	2024	10.1186/s12974-024-03020-y	Associations between sex, body mass index and the individual microglial response in Alzheimer’s disease	Journal of Neuroinflammation	Springer Science and Business Media LLC	1742-2094	MEDLINE (2024-05-31)|Scopus (2023-10)|WoS-SCIE (2024-05-31)
113086	2024	10.3390/jcm13020471	Transcatheter aortic valve replacement as a bridge to minimally invasive endoscopic mitral valve surgery in elderly patients in the era of ERAS and fast track TAVI concepts	Journal of Clinical Medicine	MDPI AG	2077-0383	Scopus (2023-10)|WoS-SCIE (2024-05-31)
113217	2024	10.1080/15622975.2024.2327028	Assessing the impact of sex on high-frequency repetitive transcranial magnetic stimulation's clinical response in schizophrenia: results from a secondary analysis	The World Journal of Biological Psychiatry	Informa UK Limited	1562-2975|1814-1412	MEDLINE (2024-05-31)|Scopus (2023-10)|WoS-SCIE (2024-05-31)
113160	2024	10.1007/s44266-024-00227-3	Hausärztlich arbeiten in Deutschland und anderswo – Erfahrungsberichte|Working as a family physician in Germany and elsewhere — testimonials	Zeitschrift für Allgemeinmedizin	Springer	1433-6251|1439-9229	Scopus (2023-10)
113171	2024	10.1093/eurheartj/ehae277	Nocturnal heat exposure and stroke risk	European Heart Journal	Oxford University Press (OUP)	0195-668X|1522-9645	MEDLINE (2024-05-31)|Scopus (2023-10)|WoS-SCIE (2024-05-31)
110759	2024	10.1111/ddg.15230	S3 Guideline Atopic dermatitis: part 1 ‐ General aspects, topical and non‐drug therapies, special patient groups	Journal der Deutschen Dermatologischen Gesellschaft (JDDG)	Wiley	1610-0379|1610-0387	MEDLINE (2024-05-31)|Scopus (2023-10)|WoS-SCIE (2024-05-31)
113239	2024	10.1007/s00259-024-06604-1	Molecular image–guided surgery in gynaecological cancer: where do we stand?	European Journal of Nuclear Medicine and Molecular Imaging	Springer Science and Business Media LLC	1619-7070|1619-7089	MEDLINE (2024-05-31)|Scopus (2023-10)|WoS-SCIE (2024-05-31)
113235	2024	10.1093/neuonc/noae006	Fluorescein-stained confocal laser endomicroscopy versus conventional frozen section for intraoperative histopathological assessment of intracranial tumors	Neuro-Oncology	Oxford University Press (OUP)	1522-8517|1523-5866	MEDLINE (2024-05-31)|Scopus (2023-10)|WoS-SCIE (2024-05-31)
